cluster,attack,defense,magic,difficulty,Fighter,Mage,Assassin,Marksman,Tank,Support,hp,hpperlevel,movespeed,armor,armorperlevel,spellblock,spellblockperlevel,attackrange,hpregen,hpregenperlevel,crit,critperlevel,attackdamage,attackdamageperlevel,attackspeedperlevel,attackspeed
1,4.796782339272549,2.1161114642316963,5.217581723858316,5.2773031727990185,0.0,0.7846411530556064,0.0,0.6442100995564812,0.02915131003582601,0.3557899004435187,599.3028079163579,103.51413278240673,330.14575655017916,24.342934989553456,4.820676816364305,29.99407198349035,1.3192942570636175,503.6956015595445,5.389850344184586,0.6483800440648441,0.0,0.0,54.39767867542587,3.0936715184299013,3.1501762125977333,0.6891231082433251
2,5.757814190758261,2.0204426263826525,4.51865934296978,3.261019520986283,0.0,0.750001215657397,0.17798339980446798,0.6925441374235143,0.09228805512082718,0.22256888435316832,624.0679174519496,102.51724837298632,327.7744429574877,26.688292473616116,4.381159176666826,29.41131915719893,1.3613485304974324,503.576864474031,4.884685985921461,0.6428650901702421,0.0,0.0,55.48110809238572,2.5966482134629474,2.3632931455172153,0.6456041743473282
3,0.2957099157654694,0.12351049206293396,0.41922040782840336,0.40051501772257025,0.0,0.016848580436358646,0.9831514195636414,0.9475974490214496,0.0,0.016848580436358646,628.0909518619163,107.46034480737903,330.53330955813294,25.809095186191634,4.7,30.248877793795344,1.326665477906644,487.509690068496,3.9661433611101344,0.6572036345919121,0.0,0.0,52.38923686629464,3.0157207652935654,3.9462839529117084,0.6384139245656422
4,7.217143849586334,2.669286093867151,2.956787869615012,4.7122062824734225,0.09158947432706442,0.14916289392943757,0.14093922769636352,0.759247631743498,0.00979069630110797,0.0655528348742364,602.9303315509799,104.21103049676024,328.7105795570521,29.695081384547613,4.711213459255891,30.297290776153794,1.4216453016376984,463.46905503543223,6.991052922918682,0.5963170362634674,0.0,0.0,63.150051496876,3.2412741610468725,3.311415946919177,0.6257070734966252
5,7.556048273183826,2.9056738029349676,2.999125891192711,6.155753414472969,0.009470951962013864,0.14918174665053294,0.04884961589914429,0.9763881349481185,0.0,0.22483127594623725,604.6949030154893,106.38221952366705,327.7063520396267,25.369804192106425,4.670655259848499,30.018941903924024,1.3071032139715104,556.2211388103418,3.722994896437555,0.6310509566552618,0.0,0.0,58.36364643019853,3.024670737091371,3.4085480943936304,0.6635278795171032
6,8.918368875904712,3.2279085260599167,2.212350495022478,6.4115818612109905,0.13390414176450174,0.043636008483308536,0.8795128906444686,0.8504889317952911,0.0768511008722229,0.015606926440207149,568.3461140262375,105.88445559910262,331.31808574994636,26.66987204858033,4.677059568617282,30.267808283529007,1.4004281063233766,484.6639422654288,4.978563526165727,0.5881416926910523,0.0,0.0,59.46555248087951,2.629810572623981,3.1068667788644686,0.6626345242340349
7,7.699355690968989,2.6657609787168113,5.018026747957975,6.6667362688783545,0.0,0.6021384033201621,0.1683488156277752,1.0,0.0,0.07350683621964842,579.9079472449646,105.18199925259091,330.98871572109783,25.585086945523727,4.545690777682022,30.0,1.3,540.9314659638725,4.599581981567924,0.6415867243051943,0.0,0.0,57.68158646596781,2.456103318810787,3.832084460645791,0.6444961705916773
8,7.23350370691577,2.302389512582471,4.071230599249439,5.770237592557149,0.05715378461741468,0.25470192308370954,0.703273614172874,0.9428462153825853,0.0,0.0,620.5721911484211,105.8806382512026,330.3364519405191,27.467068846600373,4.418860648889287,29.641065799771727,1.3142884461543538,516.804160179865,4.424705054456242,0.6148964716856063,0.0,0.0,58.05230308877616,3.0025816443439752,3.3922470355017396,0.6608683549004165
9,7.136588286751872,3.4818161927590974,5.736512128565212,6.372709358305714,0.15527677983598875,0.7740925965560534,0.1564593324860028,0.5898808254637894,0.08039104695865469,0.08039104695865469,630.9933389073111,106.01404167105794,330.46976869777825,28.30842692937048,4.738026600724576,30.471335653589286,1.4904747866288879,447.4941857466181,4.975394230884395,0.5713362381768663,0.0,0.0,59.869830026992,3.5483933120774185,1.4677267510025755,0.6432131169834758
10,8.410357327926082,2.979648972160738,4.951384441431359,6.303033776551595,0.0,0.926459315846826,0.0,0.9975371879668291,0.0,0.0024628120331709274,631.0128461992224,104.07121654222695,329.7317214813133,24.579279273958207,4.527038589565315,30.0,1.3,540.7807669564304,3.7882762526251885,0.5812364548790577,0.0,0.0,58.81389419916556,3.2336207209551233,1.4004497327779162,0.632685034710112
11,8.752465482258165,2.9946685962895105,2.336482001196099,7.304890896493725,0.010273282720092954,0.2231043566751415,0.010273282720092954,0.989726717279907,0.0,0.0,655.1861605314075,104.32540316195299,329.5544498132531,27.387672338223144,4.510937100201136,30.020546565440185,1.3077049620400698,538.2540151428072,3.7491685548149127,0.6445575413526867,0.0,0.0,60.675139281866585,3.385795351032694,2.1995459257007908,0.6598551685577317
12,8.206238666818937,3.0447690656087465,4.353911554384561,5.282552769555157,0.0,0.13954487058996493,0.35939935575508086,0.9121029768266291,0.019920519277680505,0.09406761264777334,625.6898845559006,105.05204185084004,326.89989686485086,26.6806709497815,4.34620195932773,29.493734684066016,1.3222384031803862,529.9845513074445,3.861489525945488,0.5427442704749249,0.0,0.0,58.544391282952624,2.8563282374005285,1.7756145539839596,0.6432973893095547
13,6.789487089203991,3.6211895705163406,3.8412199661207977,6.96279413847628,0.3443782852731222,0.2575831265932241,0.09824683360294612,0.6561053404099175,0.0,0.22414340747491812,620.3336920777066,104.76124153174277,331.4367776078629,27.176042101783032,4.435317054142293,30.126439281703718,1.4210998558411032,443.89364688130803,4.839057401095682,0.5700650804412393,0.0,0.0,58.92774831128549,3.1081246031390135,2.529336730859271,0.6559933295333824
14,7.759835680403689,3.9462732894378254,2.67584583501877,6.631157855136981,0.0,0.37899342158523647,0.1499541504939477,1.0,0.0,0.04309705641524517,618.6718259359311,104.14290002943781,330.67850316121513,25.365506825482118,4.331111589716767,30.0,1.3,534.1874294873651,3.447380269766607,0.5902276158956083,0.0,0.0,57.996410410266726,2.656485343738333,2.3324813185357898,0.6486697255443633
15,7.167196979806816,2.996490440874965,3.383888834923056,7.539202478019089,0.0,0.6441050562637209,0.0,1.0,0.0,0.0,615.1913170656429,102.40361246849794,328.45499826935855,24.997534632045003,4.384707472254268,30.0,1.3,540.5101091731977,3.586870870980836,0.5814254597577657,0.0,0.0,58.03512263040919,2.617353558782728,2.0709396326849423,0.6367537946300119
16,7.7125903892274765,2.747310087831477,4.579579109325567,6.236878643459138,0.0,0.7541312788375008,0.01757697404052825,0.9980744112772832,0.0019255887227167645,0.020663927939315308,611.3472188915149,104.83596360962193,328.762877604093,24.595508693918994,4.655800414942566,30.003851177445434,1.3014441915420376,545.813091590919,3.7985619575320597,0.6235179326744004,0.0,0.0,59.37773899837264,3.0080672324363347,2.595692379193899,0.6456040296983155
17,8.192029040029757,3.579870333271535,3.7781204981845375,6.086168703608825,0.016912415893077036,0.6545893459278644,0.016912415893077036,0.9830875841069229,0.0,0.019339022473883152,628.2986958031156,103.42433586204956,330.6493412848669,25.287122874487892,4.439361027471343,30.033824831786156,1.3126843119198077,523.6607110080561,3.694700454256121,0.564298190925449,0.0,0.0,59.0564448372314,2.8298815517460776,1.7962595314772318,0.6357833859822116
18,7.666105208659357,3.724980149630434,4.034696744576728,6.021597973843505,0.0,0.8098765967349479,0.09353142079634888,1.0,0.0,0.03680377605607031,623.037022659503,102.38143154364083,330.44066980790325,25.40456424831484,4.428259727341297,30.0,1.3,536.9360112315723,3.7686494142072706,0.5987042083566493,0.0,0.0,58.91135630280702,2.722035722586589,2.4279300139244904,0.6411889159919247
19,7.707928467939528,3.9182662754922584,4.048431565838304,6.332192089688083,0.0,0.6482896709487151,0.0,1.0,0.0,0.0,613.3194567176636,104.78910093146891,329.7775983654569,24.337665000783623,4.380288954084623,30.0,1.2999999999999998,525.221689477949,3.589427687035191,0.6326455424595573,0.0,0.0,58.32701434053839,2.4807389956544426,2.071763350527481,0.6418398492408163
20,7.447344708278386,3.8078272561292104,4.1738264935475,6.080067468960293,0.0,0.4926355504372445,0.0,0.9158218144805119,0.0,0.28900385354961944,601.4791821105373,100.90900002120713,332.3007713004082,24.756387482341015,4.264148928982712,30.0,1.3,543.5877838631562,3.6401518706010836,0.5670518743215505,0.0,0.0,56.0254465412668,2.039903940608677,1.8075182543496602,0.636292893790182
21,2.1818679034814057,6.096055615822798,7.667667945749751,6.516150128309417,0.7576905143493531,0.9376084346302704,0.023759950744792452,0.03577245714106906,0.0390957848822401,0.16771907548168338,614.571872712973,108.61855445340274,331.2137737913804,27.59052369687808,4.577311794766355,29.781316690998107,1.3432132501139968,432.13435125625375,6.737187169056315,0.5959787969321336,0.0,0.0,54.41279706344707,3.0332247692915346,2.0446097161606858,0.6512236522290262
22,2.470026107648207,4.696908013818565,7.652016382327352,6.134937623642343,0.003840556029604885,0.9323047623317412,0.06769523766825884,0.0,0.0,0.0,623.7626780114286,110.73302503609352,326.5730682713513,22.549972998941733,4.846050414592666,30.696734624723444,1.350771428251194,521.4215517924703,7.151772418937806,0.5783008053471682,0.0,0.0,56.02085570832505,2.7431182606153435,1.6319578866178115,0.6542397700857073
23,1.5824548637450817,6.153698214618239,8.02081622914661,5.517415548652097,0.0,1.0,0.10184689064150716,0.07697033075919871,0.0,0.027386618403387835,621.5466379155359,105.72945724994929,338.1820524498903,21.491430273057585,4.700442497244197,30.0,1.3,548.0806198381285,6.979329087843375,0.5976285680155019,0.0,0.0,57.48855986226946,3.152311340194001,2.45125744832922,0.6560121076264397
24,3.487847022515534,3.911952124175187,7.35514945432492,8.65894648494266,0.35855305836617724,0.7515495493029931,0.24000700063994646,0.0,0.062362604360622256,0.011399835856487243,625.2959943662463,104.99532091490005,332.64814094097443,23.728639848632035,4.664596215660694,31.547603062370754,1.4944257111682895,436.60206341003004,5.911332861393078,0.5635348158513742,0.0,0.0,56.68393421078413,3.1575983465453623,1.986627011747805,0.6503327359960791
25,3.2741041022816306,2.8265943167699725,7.900053209143815,5.962552905437641,0.1870564146434511,0.7649655615931681,0.19814993184198787,0.047978023763380784,0.04180858902528883,0.20506818038965297,622.3433733369739,108.01762034041118,337.279005170222,24.741627288463484,4.837925725132684,30.341746099984,1.493293628613554,417.7203716050288,6.954814129381466,0.6341295764968354,0.0,0.0,52.31046029771053,3.1241604253483928,2.5343971835217873,0.6282235596803949
26,3.6713910239578196,4.3755996673482604,7.551385771615133,6.817150955359149,0.3276771278170103,0.6647632459913636,0.5466529360316534,0.037917264563906206,0.0,0.07988279702409992,613.8682432903995,108.42698333879153,336.6689297630468,24.22744967857808,4.742556176193917,31.16269708097749,1.6802168679908562,344.9070720892963,7.367252788374111,0.6618103638813558,0.0,0.0,57.2777196723711,3.007679733741064,2.808965897298409,0.6508850322458113
27,2.9761562865308875,5.645381692869109,7.04527072401219,5.847775221089979,0.13852846030383517,0.8198503630992396,0.23752386468800987,0.0,0.058918833532506425,0.623947675008155,579.6770772899446,107.32766425489858,332.51264983685604,23.95174969034727,4.792550210850757,30.124623939671494,1.453852183170687,458.88310437678894,6.670880001689944,0.6718526587249102,0.0,0.0,58.984144118484714,3.3215695970415773,1.8554934474767462,0.6588244890996274
28,2.600907218453595,4.023037617033235,7.662958208439548,5.659753994580647,0.0,0.8908776675948766,0.7843927329255899,0.026698384249038882,0.0,0.13546500417162655,592.7210437494208,109.85856020785646,332.7109006681905,23.180761612601593,4.743331434341844,30.255546603110343,1.5751852095755,443.9009987643567,5.194098179235347,0.6756554610538883,0.0,0.0,55.893389000179845,3.0234213435534385,2.385578975714906,0.6631636455930192
29,2.142383560601071,2.059700168764463,9.83567248247385,6.995094612615886,0.0,0.9822751394018834,0.00931514569038509,0.016498545971459926,0.007723423850578279,0.007723423850578279,581.7982371893031,107.87540226312362,339.7516487286463,18.39809232558022,5.18225688912305,31.967002908057083,1.3127789271557226,542.732315488333,6.494239792386509,0.6035837325655213,0.0,0.0,52.240891510597734,2.712279677306217,2.260041527848003,0.6270259957212257
30,2.272517626232388,3.7354535943222427,9.165234187924321,7.928828417785714,0.04510446724598378,0.9016882426841814,0.5366515005529892,0.0,0.0,0.10031423544420891,601.2827792836893,107.45196873076428,335.3620643623824,23.182739408189278,4.623471597852329,30.61087129707806,1.4505460328787165,461.6823370428344,7.186071170716386,0.6189885116158312,0.0,0.0,54.709617140344555,2.74340136888466,2.3911397090660587,0.6543418402456708
31,3.0322333981379366,3.5071620600592457,8.846507256996532,7.922139487779382,0.1343727617695166,1.0,0.21570994078702718,0.05677363085776326,0.0,0.4466388321539474,593.40710923935,108.85901496136404,333.24590879936403,22.19815460231901,4.626139308249896,29.588332925959858,1.3,523.9865640462032,6.323440207725081,0.5730764421959312,0.0,0.0,53.38982653303481,2.9101633767110413,2.4853797625009446,0.6615945000349782
32,5.890124220178859,3.2133222580942142,7.6722494059366015,8.665506653757227,0.06832175996287919,0.971723942031614,0.028276057968385972,0.9118004500051546,0.0,0.0,557.0302299261798,117.68077679262464,334.5170109103437,25.734458069458924,4.967105453870414,30.129818188284695,1.3486818206067615,499.9842586065296,6.773853470849177,0.7236300569912628,0.0,0.0,56.668719899255734,3.4598128634165013,5.564163003197111,0.6292911825921518
33,4.9982025724295,3.623418240934682,7.339003946032247,7.5453270132210095,0.2389545393357467,0.7610454606642533,0.4953189849819877,0.34060999447354423,0.0,0.10226062582903069,586.564986057657,113.71180759222867,337.5421645641994,26.215512937098104,4.786416646296736,30.648100638762237,1.6452806690692234,398.0456266115269,7.158490980348164,0.735876559966353,0.0,0.0,56.927134471239036,2.877113156123392,4.012171807790626,0.6378003326688036
34,4.974779359582794,4.11808691438509,6.6169757694325515,5.460601504278059,0.03755068460950814,0.7472012070345604,0.7287979437406576,0.37786418416403594,0.04156057039477094,0.0,615.795553221321,106.51869533625249,332.40180552549754,26.12918416316638,4.535976102766712,30.049583562169364,1.4076963111761476,495.60068591330474,5.3290785305993795,0.6034854057515344,0.0,0.0,56.12748334407288,2.821365022758318,2.465253791863167,0.6530087357032819
35,5.850162303410779,3.322887726488882,5.949822070213806,7.60741032045446,0.15149505821515596,0.7894908851637993,0.27501465664186087,0.6097845162974839,0.0,0.0,612.1078289292608,106.9251540460921,334.45401583847223,24.517532451124204,4.571711962926814,30.546544958815208,1.4578818361271506,451.0120870902212,5.794098186613502,0.642371906082784,0.0,0.0,57.28689271017042,2.7871925836443543,2.5237894278386013,0.6397266454609813
36,6.156806513445579,2.746219215947746,7.267498017098302,6.531596766992543,0.0,0.644261371946625,0.5409535096151238,0.3557386280533751,0.0,0.45904649038487627,603.3727161835648,106.26260603793403,328.7740757701255,24.073415915736724,4.394942930567649,28.840202505533334,1.3,543.3528371728291,5.177941639453413,0.5401569198999707,0.0,0.0,55.2210082631777,2.7923350547084107,2.1690364379578115,0.6677707630914009
37,6.338455584162823,2.5970472715997777,6.403833886450054,7.917562303309264,0.2497455852242618,0.6348151112692039,0.46540746502808056,0.06251301644172412,0.0,0.41834735722831295,604.1430614628083,105.92180480955183,335.57940531652184,25.991341687300082,4.578693610083666,29.913894274537157,1.573888666548097,403.18461474670084,6.468706622092399,0.6150796142116084,0.0,0.0,55.91081513212391,2.7740636055547214,2.855826281075202,0.6576135181055429
38,6.6701525456430115,3.015885346703653,5.661414723689296,6.787226675905824,0.0,0.0,0.0,0.7460286633240867,0.2539713366759132,0.8307073618446477,567.6434439070513,98.06862838608876,328.9361333795291,27.69596618994968,3.6366994324047095,30.203970743254686,1.4144855199826503,521.1613744394418,4.598827066767681,0.5561615395143631,0.0,0.0,53.55738862159036,1.221121923481983,2.205782518686717,0.637297638414323
39,5.323792302328671,2.4309741536968854,6.904821572497856,8.023576216091104,0.0,0.964310908092289,0.09737834945663015,0.6139281989503194,0.0,0.2284275358436708,604.7468924211164,108.99102829414166,330.0525221983245,21.907577115258977,4.348892348663495,29.203008895684818,1.3466895060985637,501.3505568273519,6.096687509998472,0.6021304557773286,0.0,0.0,51.38171880173567,2.5940546002047387,2.785565997969106,0.6381525411306194
40,4.6013892892438,2.7664686013681363,8.075996912559697,7.169118279009555,0.0,0.9245903005037956,0.054295995690742116,0.1493968568110904,0.0,0.7422561543838131,585.0750904873872,108.77826057531223,327.0480644922658,21.407303738890175,4.355383034838045,27.52167954407055,1.3,525.1280732323573,6.319953108077058,0.5550110456441192,0.0,0.0,48.91675236932284,2.7956973111139436,3.3281652827446226,0.6603144366414402
41,2.109895663318407,3.1481053380796835,8.818156413339084,8.833828903250712,0.002393268757974505,0.9872978249676283,0.002393268757974505,0.003319805288413654,0.0069891009859834475,0.9942869259536118,648.5068768845049,105.5131591985899,334.60068219570536,33.582627017192216,4.702465255873888,30.018764739487914,1.3070367773079683,477.27488560388383,5.6139660242572145,0.6153729627049029,0.0,0.0,54.781451040871076,2.6826866067680744,2.188964236734134,0.6269686397067116
42,4.430579883829888,4.208913551585187,4.948045452904767,8.108685386724401,0.07481425864605372,0.7905117747506463,0.030690859069194422,0.08947276944905067,0.12951740866063213,0.8357129719048956,626.7028648793321,103.21375483942253,331.08264926642664,33.02969629282981,4.731354446389102,30.269679230149123,1.4074718744697379,458.70370760294054,5.652962436936197,0.5723500394203401,0.0,0.0,54.585670153515686,3.0918092128330468,1.9067395882454212,0.6569886153498163
43,4.926787432066753,4.811583535778123,6.914976740075337,5.838943834013609,0.48760538341021464,0.894820589374688,0.0,0.0,0.046731590208317554,0.0,609.9697360049229,102.90112496302018,337.83165177166467,31.256760497034705,4.830050537127472,29.531167456505873,1.4404176834579188,389.9854810909866,6.044348383655662,0.6267846873190375,0.0,0.0,54.57491156647457,3.604159432407041,2.744705190797074,0.637563109013696
44,3.1576420153242544,5.6833825399032225,6.7047127361639145,6.042629492641172,0.14473471401191987,0.7247404028565512,0.0,0.057639559667199095,0.2176200374762498,0.5153076078315226,603.2898918735311,99.681975390053,333.2586569566172,25.780060764826672,4.6099292785863275,30.14577064692866,1.3546639925982475,432.3319288372265,6.779291352197683,0.8200101192753901,0.0,0.0,56.32022799846111,3.2228217419799376,3.3033749476569936,0.6483355570363604
45,4.95175625532097,4.624437594800973,6.141003434075948,5.476837541046639,0.0,0.666720141862957,0.1925972752388365,0.3332798581370429,0.0,0.4741228666241206,593.3390910538591,102.51871621864507,337.1238121155857,28.80638959922254,4.583049838856893,30.666559716274083,1.5788494848886074,505.8121499764011,6.620818433784038,0.6146137217745941,0.0,0.0,59.91878500235989,3.5435350841634867,2.476911936140567,0.5996623029195929
46,5.49513610076459,5.3555158709549024,5.120899756513469,4.997832315997808,0.0,0.7621606840797644,0.0,0.5422149093959999,0.3021571034495754,0.23783931592023566,628.5835671131537,103.16693479442188,333.5967209675316,29.315513152301254,4.524888171133039,30.60431420689915,1.5266178275871816,425.75699202585633,6.017037138453354,0.6125470937158101,0.0,0.0,59.21077181033857,3.0257110292821436,2.551369522236962,0.6414091162417557
47,4.471527608519365,4.365012071288363,5.984740246207447,7.155033724048337,0.2995806522149226,0.5696125040999646,0.3309372324358765,0.0,0.20424660145957085,0.5956230097896655,647.0416753351384,104.52742294022403,337.12737099781714,33.77596345832655,4.671582672310852,31.070367667790894,1.7013878754215854,301.49861897431066,6.19713969212538,0.6562022641862248,0.0,0.0,58.59703223181205,2.9292399871928865,2.4737397563253043,0.6500180764375717
48,4.476430160644554,3.870235768396937,5.888132754135872,5.771080071397951,0.3509513867075856,0.4897066007829551,0.18201736572522115,0.04037791103053968,0.21779190244783594,0.6490486132924145,608.9257785614916,102.18475947720059,339.79483843180185,28.749514356356986,4.623760279873424,30.68864717975226,1.64486816833675,374.0224347452863,6.662418215347422,0.6384915487492934,0.0,0.0,58.44324469641778,3.311604760246449,2.4908258375731185,0.6528759263397227
49,2.96901162075583,5.11798711104757,6.7074596659434,6.123411568241359,0.0,0.3235287133007702,0.0,0.0,0.35998532630046454,1.0,629.4300460128321,101.45013309639683,330.4458639345692,33.73794987301398,4.950352137645101,31.352942573398458,1.807353465024422,323.02438069298466,6.421712998702011,0.5341757019800617,0.0,0.0,58.272055387876286,3.306040223934186,1.9963022799429648,0.6636219375303376
50,4.72892895086731,4.648848008427779,5.894181112697306,5.6203352389670975,0.18099412986723762,0.0748594991741427,0.1581196862703557,0.15747490473036113,0.36049459343930007,0.5866714662282586,626.5960716531671,103.58150226492545,333.7396030965767,33.61743440276108,4.856816793659704,31.68505019053928,1.9693235710393004,248.54296943486736,7.113728473425567,0.6241458668738024,0.0,0.0,61.75919720547513,3.277751578740596,2.717925865293232,0.6605440597380976
51,1.6803998727097702,1.5454245379325346,8.34244217542732,5.234773121148019,0.0,0.9445161590208215,0.09492155958954658,0.0408747419479948,0.0,0.8795788586606708,607.0605315601464,103.759491560026,337.1894234411492,21.99826882470287,5.02421612148903,29.782974766291648,1.326150811836857,532.1952163174465,7.077953207043218,0.7059485509637129,0.0,0.0,48.64555485188678,2.5931619060601063,3.3371370566693033,0.6313315997783435
52,4.666190980700231,2.1390754057164005,5.7957817420738555,3.135895070515309,0.09223049125765936,0.7721030009613095,0.09223049125765936,0.08206417355782643,0.13566650778103115,0.8257053351845143,552.4583244685582,82.2623884789498,331.1154456977489,27.78138034018875,4.338642077338838,27.726626367025162,1.3617560440369292,390.6526977154139,5.798620696830577,0.5756563633111839,0.0,0.0,52.60738053397793,2.970227144274564,1.4404328681834486,0.643893239680356
53,2.4845159105932195,3.341340978078147,6.0739187873435165,4.151722052580992,0.0,1.0,0.0,0.0,0.0,1.0,583.2496286335543,93.04753102118384,330.0096480047113,26.757293864201447,4.696382470107909,30.0,1.3,543.3279082271788,5.737352445170501,0.5844346119691708,0.0,0.0,49.033007730474985,2.820446382267325,2.4903860536932894,0.6368638854589406
54,2.6732631696171225,4.154915283557201,8.469390001081903,5.40936654348261,0.054790578970977576,0.8976583641293472,0.07088673903336748,0.0,0.0,0.8743226819956549,586.0304504990982,99.6211982159264,331.5351245380598,22.20253592988308,5.090275363483482,30.204683271741303,1.3767562269029896,506.50480475497255,5.622708476591059,0.5561730193359957,0.0,0.0,54.63519074036644,3.268916321947709,2.9582889758758077,0.6675680428446067
55,3.1297569040843847,5.604113623448362,7.145509831824676,6.041581712705761,0.09207339806097181,0.7737960793999398,0.02333966356813765,0.02333966356813765,0.2028642570319226,0.8557847128433844,594.8815061633816,97.79862830259067,332.71513803547606,27.89588010857712,4.7941110688396735,30.465116633119518,1.4786650543219293,466.9395219465519,5.697984706703205,0.5641091715091704,0.0,0.0,54.38232962380591,2.992341977103151,1.9814070291414705,0.6453349372658383
56,3.0421990074993954,3.130464856779559,7.543087623254902,6.7510502617663235,0.04439486220391807,0.9505676895151174,0.06376723189487932,0.11243158458178966,0.005037448280964549,0.021584337595755027,603.3757143955218,92.4077619101522,334.0563321413161,23.517756191307257,4.128277224896184,30.098864620969767,1.337074232863662,528.991268043925,5.62321451613799,0.5618684365294786,0.0,0.0,57.69204752514377,3.093602766512367,1.7223070324367342,0.6307156121945798
57,2.4541545448216837,3.3097659070783934,8.377276753715705,5.835715756548211,0.0,0.9035967655675574,0.06564625818852253,0.09776709403747903,0.05616284926932456,0.5053294800654762,591.3969409575942,102.98913228444175,333.34426106863924,22.711505320934002,4.657395175779628,29.839693894896016,1.3421221369519933,515.6347146008222,5.731876774711722,0.5631806036700845,0.0,0.0,52.71882820028615,3.0034585240346585,1.7467417167962134,0.640844755978729
58,4.911133220408326,5.950251998000038,5.595662684390675,6.54841072664458,0.00755241124960665,0.1002358834006261,0.07403281299935101,0.0,0.7953355477209971,0.9924475887503933,618.476306770489,115.0114810719358,330.4137576529895,35.04689424992769,1.9462565228324762,30.592818088403167,1.6731455512506355,369.0891218442157,6.9556282988681595,0.5814014094917336,0.0,0.0,57.3169532669854,2.5641612046781783,2.9566613129687602,0.6407736341893947
59,6.2196383260821815,5.45869510543567,4.5188126540876965,6.430981550025922,0.21849789264966848,0.15413507993103173,0.3522759248734347,0.15300652260224817,0.5270552520173079,0.4613777099320582,619.4887537729965,113.52771589953666,335.8782444059506,32.137121131238125,2.531380773200166,30.633934588507664,1.728714717029891,346.49477774977237,6.886955924229507,0.6175898448560833,0.0,0.0,60.5630468882351,2.8672705202459925,3.0541867332788195,0.6245654420920014
60,4.437802801598216,5.003580743157475,6.07296994019604,6.901127484675459,0.0,0.4173337309872494,0.05503615252622958,0.16787239390406056,0.42172535474395084,0.8321276060959395,612.4504545592837,110.12930001251839,330.7918006376198,31.03454354155207,2.802902955671656,30.21180952348514,1.4848599099929154,466.130978349005,5.8140680222569925,0.5614920013032776,0.0,0.0,55.978672733000984,2.714936057868944,2.899534549221411,0.6331845047544885
61,4.526422976408289,5.043870099641446,5.911208585509047,6.247390730021191,0.0,0.0,0.14167624795828496,0.0,0.526406672187286,1.0,621.0809316527549,109.83747663807513,331.21570984792237,34.57308258335668,2.939657224246315,31.213225544982105,1.8533063862455255,318.91699962738807,6.535695007308649,0.5395936339318802,0.0,0.0,59.550901524676355,2.7693882938490457,2.909591476628092,0.6414603571446583
62,3.1105013667945376,4.053818591660586,4.337185914824967,4.687831418049394,0.044049189756081054,0.0,0.0,0.0,0.8346532746746416,0.955950810243919,616.0166582416641,110.60141435122023,326.18484468866035,33.45006671592093,2.8685702603440455,30.027993583834178,1.7874910402205924,285.90804570089205,7.100977890358422,0.6699897980061446,0.0,0.0,57.48204360010285,2.791764871846874,2.552966639828772,0.6402110114752064
63,5.279289579705521,5.910212734232973,4.7255442245395285,6.2438485235213905,0.057215480720901844,0.0,0.16324339723988893,0.0,0.8367566027601111,0.9427845192790981,633.1707070657621,108.81858528984544,328.9004368054354,38.25018431015576,3.5044908990568144,31.452098614769387,1.913024653692346,235.7600321144858,7.738598546139507,0.5942487387725943,0.0,0.0,59.81227956257228,2.8471917535418365,2.140440621845342,0.6623291883231573
64,5.132505366886008,6.628543246404711,5.428553573918311,6.281329172456295,0.0,0.3583856705312744,0.0,0.1389151409334337,0.6416143294687255,0.8610848590665663,639.1062705609388,113.89586555326065,331.33126117079587,35.40350011014959,3.171832480705289,30.634483506721562,1.619024459047571,361.92173754635905,6.6604538423773905,0.6260719620243723,0.0,0.0,57.951662197476594,2.9865357443737266,2.43858262132923,0.6306797910780144
65,4.836154574105856,7.294978568258356,5.24424149184157,5.961823821929029,0.0,0.0,0.0,0.0,1.0,1.0,624.7260812244831,114.65091940771553,329.19630922057365,38.16583740619303,2.768331274154879,31.16898648395135,1.8422466209878379,262.1479919512493,7.651452029920302,0.6901694157283174,0.0,0.0,59.25136236193754,2.9506312146927853,2.5074283290494415,0.6284154388612173
66,1.6793678297078407,2.156341117634329,4.905563571391242,3.671540803618486,0.0,0.21017867878420698,0.0,0.05693826444648927,0.40846528349644184,1.0,608.7833794961591,101.23280316436991,327.50728296640557,29.181317734415416,4.690324266141446,30.057563106779263,1.7616496046545187,315.2991948258423,6.386865290154451,0.668354897531745,0.0,0.0,56.114973031395856,2.935917051117852,2.485207446629535,0.6349711586953504
67,2.0071216139243635,3.351707800088728,4.715809316897459,3.6927331792909106,0.0,0.0,0.0,0.0,0.6589746207978173,1.0,621.92563769968,100.9698022484691,325.1331847228436,32.981409424919995,4.719939241543309,30.689172372328727,1.9680732732705455,217.62817240027283,6.978704265874542,0.6312608031152361,0.0,0.0,59.37478393769528,3.269893003765091,2.009757665322183,0.6552429386163018
68,1.858792442887586,4.954190293702617,3.849632607217875,2.1442468231444134,0.0,0.13657202011239278,0.0,0.0,0.7682765198019981,1.0,628.290745508895,104.765887467542,330.07487298817387,33.725876504142775,4.8439805308550365,30.87840257752238,1.894542648524903,206.88598083809916,6.170118102151145,0.7580074313805264,0.0,0.0,58.8701571531376,3.201996776369455,2.3355555636090246,0.7099017057034103
69,1.5284415640203992,2.372206804672386,1.3015858883413782,1.5798827885368734,0.05541963084998761,0.1939436538682008,0.0,0.03533007914316857,0.8060563461317992,0.9092502900068439,610.47735852178,103.03237473448526,323.27028948643334,33.193683288025426,4.462940965530821,29.506706443664466,1.772954369061404,231.44181468912802,7.522721235545655,0.8012422208830561,0.0,0.0,55.16896525163295,3.090736713049477,2.2085443162334815,0.6389786133300629
70,3.343281947123089,4.942913317655912,3.539192602666194,4.4030745669756755,0.0,0.03600480151436044,0.0,0.0,0.9639951984856395,1.0,647.0720196615245,108.68322279819243,323.5382288753795,38.60212020039622,4.638123013485759,30.551409585842325,1.9369600981686703,168.70499153586616,8.047840392674681,0.7612229745724771,0.0,0.0,58.971016948803346,3.3479241193177294,1.78507280581337,0.6472415663927419
71,2.622161900654058,4.332360321617615,3.0116389928376788,3.2875278633487013,0.06642828764964834,0.0,0.0,0.0,1.0,0.9335717123503516,625.4902436824632,102.94445283865947,324.1108592833907,36.14468392169584,4.661236034240709,30.517819965772222,1.9573637478607637,160.1613994952133,8.014671486768863,0.7429939511910035,0.0,0.0,58.50052345817403,3.2127207905620208,1.7805715282260757,0.6546812331495032
72,3.357093772065375,3.5019631662183017,2.35044519285814,3.230906149708031,0.0,0.07468395064610643,0.09156056571964916,0.13278536088592954,0.7152193565932912,0.9253160493538936,628.382618858669,105.32461812806794,323.95770331340236,34.20821475627548,4.527301419586837,30.102674190311394,1.8484262863407561,218.480372675735,6.994452379951116,0.7320045079989176,0.0,0.0,58.53495803587974,3.0318458381470017,2.1212899507456364,0.6372357154098163
73,1.4199804886880028,8.983116121055028,5.991427056230959,4.960425924061051,0.012404920222076904,0.9035142435738124,0.004186041946489875,0.002872886796490477,0.8677576755743928,0.11181805858482334,630.34303974915,122.50748069290498,338.86318532306785,25.144150416244763,4.677184210616921,31.597296202158798,1.993377983536012,183.8260993235878,7.771453763269368,0.7633678698945308,0.0,0.0,58.516635385424834,3.462007036968079,1.6810379729108316,0.6281952408769041
74,4.077040822932894,7.928600822823798,6.912329031928314,4.990548243419405,0.0012088673044755684,0.9800564397212941,0.0027455741659801088,0.01719798611272587,0.9800564397212941,0.0,649.5313030495024,99.11788998922458,344.871534656351,33.95511222407644,4.206266942897299,31.993312140347612,2.0474920526303553,130.6378304273157,9.454037073129008,0.5528085533718474,0.0,0.0,63.041535324152036,3.404898419287341,1.9189509143263415,0.6230925279281591
75,4.125301871098903,6.076105839726836,6.77150678392567,4.038981889287628,0.05982905919500371,0.9193237708976212,0.021311654619480445,0.0,0.9786883453805195,0.02084716990737517,612.4634403483983,91.4992068657652,344.4664866649673,29.42179035672151,4.257292867284183,32.0,2.05,127.86197125983045,5.144930061657396,0.7942992817159444,0.0,0.0,61.13029114621295,3.016909978281953,2.2491059072521944,0.6297484132408888
76,4.082242968256169,6.789081505441073,5.9539818717292405,7.1693413505426715,0.9924382992009765,0.007561700799023572,0.0,0.0,0.9346638536194505,0.007561700799023572,678.9007093463775,106.54292820000487,340.3588082888336,33.714358889828894,4.612226607484542,31.826155333663614,1.9698169912214774,172.78855425345205,5.689058359279443,0.5264620643273303,0.0,0.0,61.72428125739847,3.5895872554654793,2.0799599369912176,0.7079542016126934
77,5.095871849507751,6.8191554831356616,5.078639971992615,4.22226411188666,0.36726140803427487,0.0,0.14000914745304,0.023349966536750522,0.8366408860102095,0.6093886254289747,653.4729821577594,108.93251530684688,336.38260202078504,35.49516690536238,5.140492528257704,31.185015793482943,2.036461714125407,145.475516298565,6.36378192219623,0.7380959103402271,0.0,0.0,64.76552822776782,3.450457442049734,2.2887705131734792,0.738731330620028
78,3.718193337592024,7.928556808304638,3.1058529076038575,4.270784205270178,0.0824656488331599,0.09415927821850893,0.0824656488331599,0.09415927821850893,0.8233750729483311,0.0,608.3537382390153,99.9188157665501,339.47073546198067,33.24672577425193,4.280065898642518,31.81168144356298,1.979380541336118,171.2026169053533,7.999664413876224,0.7317528258255656,0.0,0.0,63.29350029179332,2.975321329663623,3.0529264538019283,0.7326906962198246
79,4.461811821900093,7.35492267176207,4.8129393337062885,3.664237682277017,0.07713938562102936,0.11006384143358319,0.10589355785080679,0.07450075887811068,0.830606697122185,0.7605039174363679,642.4493264536243,102.12117516429623,339.3583457176687,37.37324182057175,4.392073611316992,28.540439665168684,1.9808095620574107,189.5224895199712,5.939894011018649,0.551535186381148,0.0,0.0,56.33537310832608,3.4425260038451455,2.098569391428945,0.6320100063908181
80,5.136298018513031,7.519674615425306,4.532470001294201,6.043755759897138,0.05610339190845934,0.037809332911813535,0.05610339190845934,0.0,0.9060872751797271,0.9438966080915406,669.8589969349707,115.78423807960237,329.0634422913239,43.27144644170035,4.696982540398809,31.49329020217801,1.9946998045662419,149.01800738338676,8.222695826356508,0.8092078809280963,0.0,0.0,61.1522988989585,3.6178003277264312,2.0883587142591797,0.6321378170008844
81,3.936648361585234,6.576643242320433,5.877955120177805,5.576214154182169,0.03795718288069496,0.06707515690856342,0.019327117411536084,0.020586380678179854,0.7465365763530233,0.9414564364411252,639.5375711152597,104.24547582155137,329.990164137205,38.06087929497708,4.834641550434113,31.78669122750961,1.9996936323185772,204.922317941701,7.4188186042899815,0.6290644712924472,0.0,0.0,60.62757968210082,3.3875429974039877,1.9253052895375815,0.6589553856402642
82,8.656167635430755,3.112826885827384,1.4908241819083419,6.881637290955517,0.04571937735902275,0.05489558822904772,0.9845494362815659,0.007954705460874664,0.0,0.0074958582575594705,654.4475677554171,109.17816193753154,335.8334522898973,30.087489908002517,4.724123961956271,38.03823348214015,2.058134589466481,135.02393064684125,8.400158945241227,0.7537067946101229,0.0,0.0,67.23550877296253,3.1031347256939363,2.9457062212306515,0.6273610794578871
83,2.164841038493175,2.8266753595514347,4.621180545908031,7.787941123771323,0.14711156635755268,0.11585485617637799,0.911219840412316,0.0,0.0632247678245127,0.08878015958768402,598.4627784085035,118.6201997428822,336.5626150041288,31.395646885241682,4.719076817372945,32.05838686090111,2.0223709755900043,178.03507819342582,7.849649741855279,0.8565104804676487,0.0,0.0,63.495145838608416,3.0121454107788304,2.4505636431619133,0.6757809280603482
84,7.681765673508394,3.8416123976009096,4.149579640379413,9.17986142319256,0.9363027229165937,0.030993048232278,0.969006951767722,0.0,0.0,0.030993048232278,599.6498649200103,109.06565380888152,343.95198751350154,32.02665194720572,4.60893047245337,31.886799008634842,2.0267552138257914,186.44497355208358,6.803109488129964,0.8431945732245827,0.0,0.0,60.1383043209646,2.7275221442692468,3.3976135839258417,0.6739936112468812
85,6.602335807950475,4.244558604785853,4.930980539260055,5.922351231275992,0.814391497589563,0.019011072302937304,0.9449095829281364,0.0,0.0,0.0,627.3312105518439,113.07634230745448,340.08669896982843,33.42071542539635,4.664220481228027,31.77812272071064,2.040494463848531,169.37122176076957,6.877733706908342,0.8157661242079823,0.0,0.0,63.70486236399469,3.3900461649133597,2.622277888046749,0.651443988489146
86,5.514711817516474,3.8152484488979455,5.576130681354009,5.700312523197623,0.43906396628994876,0.3615063178828698,0.850433319210514,0.14092377471655848,0.0,0.0,613.74350626673,115.5079826398436,339.57323111704676,30.351354330320582,4.91220046213811,31.497782675672518,2.125060327904016,175.93304974778607,7.367724364168572,0.8013245427891194,0.0,0.0,62.13007741681037,3.3433740420674742,3.090844001411312,0.6486230258505865
87,4.419025094786531,3.2251278099473986,8.324707472167464,7.530644326449867,0.0907723785463243,0.9014722621300072,0.9297131988712566,0.05489522870064064,0.015391572428102714,0.0077553593236684495,659.5808483826232,108.29262470222295,335.3389643508682,28.565143259605694,4.707586242202304,31.733500970384696,2.0031848205840133,169.22585432890153,7.409919909784563,0.7051778394495034,0.0,0.0,58.26355250236388,3.1185828355767433,2.7590811217585447,0.6570745242477791
88,5.552030557699109,3.6648411034021344,6.3874961225177875,7.602657301697016,0.2340856887224657,0.7576696748538335,0.823316150505701,0.0,0.17668384949429902,0.0,644.641423041123,99.44589774968597,339.60627590261834,32.10102243352609,4.314561002708463,31.824546380297495,2.0103341920414644,133.98210526446795,8.610349343592807,0.8991296264534485,0.0,0.0,58.770741407012764,3.01517228134888,3.330361485412853,0.6758317081087833
89,6.602934243173163,3.8866318473655586,5.1744230776664,6.294323205377239,0.35515139495156717,0.344437818913523,0.9236792007588588,0.30614734846719815,0.0,0.0,619.2818658529355,109.99352544826354,338.64485811584706,30.013191310797755,4.682010495480479,31.517816430498073,1.954447998485792,275.17023377463926,6.9715647690467115,0.7395343104697927,0.0,0.0,60.43260920984472,2.662890359489594,3.077911565100608,0.6387350993621054
90,4.835711345377068,3.79274872821437,6.759293040027426,7.103578667226327,0.4030490735184738,0.5969509264815263,0.8638363859211793,0.0,0.0,0.06043382708960529,606.1867021761241,111.64204428571297,339.74820054712853,28.481189709677647,4.779370318219339,31.271022786634894,1.9614425649820053,288.6560181467643,7.551034789937414,0.7405721733308769,0.0,0.0,58.40749728870061,2.5981501900951463,3.0711867806844255,0.6460238594941305
91,2.505161376919122,3.0686274348157023,5.874842986970426,6.783991391365151,0.13194816131890374,0.525426499882477,0.7835886688252243,0.0,0.05847318306555913,0.05847318306555913,605.1506359764811,113.95621248880072,337.42520025677925,28.539588791876987,4.428147247274347,31.21817471716267,1.9215770453682475,272.56109320565554,7.649807452216885,0.7570414008744198,0.0,0.0,60.36814676409222,2.7865732975974997,2.5695963081285855,0.6560823172611051
92,3.4015559461806135,3.565168283792653,8.44049681401167,6.653370570337198,0.0,0.6574695764833548,0.8957576226976663,0.0,0.0,0.052749535856659986,604.6662843787375,117.81650849023701,340.24198905790416,24.043916432223387,4.726466246038687,32.83962529844792,1.90060081411667,271.0618423015356,8.221784877295738,0.7758240013035511,0.0,0.0,58.73055652524252,3.024845208058439,3.065939573807572,0.642704674974621
93,3.066443472829122,4.5461724368885,7.612536434405975,5.550513664305888,0.01772347331987674,0.8020352854197951,0.7601936752805231,0.016344066970811002,0.0936346452943523,0.11173818644334334,604.8021095740394,118.20363306681053,339.1436199391998,27.235169316278927,4.960466837144719,32.11215375540345,2.1493960483033083,245.8291981997531,8.392102159228175,0.8234591353394858,0.0,0.0,60.165772731251984,3.0917791874744487,2.8995444656228515,0.6433944394727239
94,5.5404788761822195,3.8265828435352485,6.156060210804131,6.624372479157242,0.44165622663718485,0.36925703871958326,0.9843304218215198,0.0,0.015669578178480328,0.0,608.6616591370306,114.28190739060659,343.1537148064021,29.652160613047954,4.849864643603161,32.88275536050224,2.2346285193597915,165.3368809375415,8.29958561241748,0.8377428086186839,0.0,0.0,60.88845671161237,2.7175120867005833,3.4085339328280857,0.6362380285556463
95,6.191820225916075,3.49339673785506,5.051558809481324,6.26929299003092,0.028588496785884432,0.23542424756749913,0.8567195064632774,0.1432804935367226,0.0,0.0,621.8000488744478,114.05168582730342,339.63282886923565,27.514278838750965,4.7899557891232725,35.61598555308526,2.084111541141439,188.5833902184377,8.558416213762339,0.8011198986795479,0.0,0.0,64.06702099911428,3.2304202021417954,3.084863554074824,0.6140945616172085
96,5.548060921561115,3.7126225400966937,6.055463847136841,7.216074088752596,0.34477165015285405,0.15913514807201282,0.8802738165957226,0.03679509503629421,0.0,0.046086851577086634,602.92589937434,112.60506194340806,341.3607111631795,26.253521532245433,4.68309137420409,33.94459341849715,1.9030523176687697,208.59365777902377,7.51475591333523,0.8120607730785716,0.0,0.0,60.899092475308784,3.0710307318854357,3.0086409971499193,0.6454212702937163
97,7.202254798026784,6.0964954402941,5.891142248868932,7.373672558105638,1.0,0.0,0.029176845679267937,0.0,0.695157913237157,0.0,608.2715981312433,103.27243039483778,336.51105517384997,35.048057500233476,4.555729948138792,30.609684173525686,1.8447946396476278,154.7808274361039,7.28756495579425,0.9553750454877574,0.0,0.0,63.194602854326035,3.6333059529988994,3.6813581315241906,0.6571517839603718
98,7.413904241597294,4.752735300168971,3.3966544080510914,6.129913371870888,1.0,0.0,0.13512303530800107,0.38238773513903,0.48248922955296897,0.0,596.7158826830255,99.23621597158262,337.5700286800562,29.14981580558855,4.656926027108564,29.89136336991277,1.5434232892447124,139.65239396006768,6.277118470171203,0.8459219310952224,0.0,0.0,62.403568700489515,3.8625502259148172,3.7642217823621555,0.6477637869445048
99,6.518096509481445,5.189563846974673,5.4914191484375365,6.60323365361959,1.0,0.09904550960293036,0.20215251646190166,0.0,0.2878739685687355,0.0,622.7603275041471,94.35935587069946,343.16513775883533,34.423083251082836,4.200327276232524,31.02807002445081,1.7845717687719833,139.39369842843678,7.199935861320662,0.7735119288666893,0.0,0.0,64.85428949667777,3.6634585722397683,3.9246486926686175,0.6339437771622825
100,5.747415735208799,4.867200299099928,5.9639119273492405,6.802624088983653,0.6875437609965482,0.4102097760287058,0.19091987789760936,0.1091983556746405,0.42852846044301046,0.0,587.6311391161971,99.21971368437931,334.54016474506517,29.834892676091265,4.436996470164821,30.2532734409065,1.482217156611331,292.9956639530092,6.057614607321569,0.846704553708888,0.0,0.0,58.13380007075528,3.356617843391377,3.7143952005072958,0.6460452914118339
101,5.651419234306627,5.473544043977735,5.0394616836498605,7.690880917956488,0.8355750380657785,0.06138526791971721,0.0,0.0,0.9386147320802829,0.06138526791971721,555.740953017325,83.31889617882948,334.6930736604014,31.7347280864962,3.946637442901333,30.267464655948725,1.3926260874908079,196.48484377190107,4.871600721185694,1.1678971561551357,0.0,0.0,60.80458671029111,3.200219274244493,5.349052531734283,0.6250000000000001
102,7.446783952133241,2.765423857471367,2.5532160478667585,6.941273916635038,0.7290661070304302,0.0,0.0,0.10610390480230403,0.16482998816726574,0.16482998816726574,477.0174119800853,88.75935790672233,340.1118416646201,35.02269652385524,5.08451976959657,28.871527762273672,1.9704220713982719,178.3356589493425,6.17334118461298,0.7117288071264315,0.0,0.0,64.02236833292402,3.477644392846777,3.0030419057399924,0.644080839900873
103,5.323920989079472,6.674601039152263,5.918276473496747,5.320284502519803,0.9624409326963677,0.03755906730363235,0.0,0.03755906730363235,0.9624409326963677,0.0,609.0594084496759,101.49114166523327,343.35521920714905,31.753929587629,3.7667589018488803,29.164688561539656,2.177140201668318,145.53784340560242,6.710034024412551,0.570310272587903,0.0,0.0,60.900700909758086,2.6441042230439598,3.368238310301537,0.6643469909989652
104,6.620287383548757,4.692067707522302,2.6241918483743176,4.069954803317118,0.7916313498105966,0.10758799256202427,0.3928661569708516,0.06228206797175275,0.5749805173481276,0.0,614.0275071882115,104.43829635353667,339.9579745978818,33.894012367475156,4.824339897464732,31.771557376982305,1.970549231503111,209.6715269271615,4.388244711173832,0.5765011849422211,0.0,0.0,59.522137829544086,3.1844030932498284,2.325285138553514,0.6571048143009303
105,8.45562155176696,5.0,2.737881869422397,3.463158907283011,1.0,0.0,0.09792761716603514,0.0,0.874081756528169,0.0,620.8251686562172,99.78202120177355,338.3127053195649,33.01697012107609,4.5229133986082575,30.567905432006295,1.9813252974338136,140.45409341018308,4.624690534837945,0.7329001228744604,0.0,0.0,65.173745579472,3.228015225767779,2.7646405080131538,0.6590074215884184
106,5.292183315650096,7.731468946585635,3.213086517703186,4.614721406554693,0.914208902087685,0.0,0.11594563005745827,0.0,0.8840543699425417,0.08579109791231498,650.0102039364647,94.25135632580108,342.95697469207636,33.06773013109221,4.34612331256305,31.424944348235822,2.040480653088182,171.73258626086735,7.453439458873969,0.7933870378057236,0.0,0.0,66.23848613293094,3.979557176870338,1.6185456062222032,0.666329462548755
107,7.317301162745622,6.303512060271224,1.628570907567674,3.969997637088167,1.0,0.11864399910649515,0.0,0.0,0.8813560008935047,0.0,670.9703079274929,105.76560606281663,338.7546418222097,38.12917573980317,4.6519968971583845,31.848062694619994,1.7881574394234683,167.16858372742513,8.309492237617663,0.64521406732263,0.0,0.0,66.48121784706665,4.516020704812563,2.549019642831011,0.6313033845316943
108,8.164393516176673,5.120042540808417,2.3130008476979516,3.5486025417545046,0.9485141755075703,0.04802983971954085,0.13400814942660946,0.0,0.8659918505733906,0.0034559847728887648,649.9370323554867,113.25014623152661,342.6625987767028,36.7685621940002,5.063811395318211,31.7055264656748,2.05,156.68310137915287,9.212206497640597,0.8655467608851698,0.0,0.0,64.15697058925811,4.691243966934854,1.7784963157413611,0.6340167571920194
109,7.754089350561236,5.599113536389943,2.6711402565447515,3.8222679434324895,0.9385223376403089,0.0,0.01568342018903406,0.031630846726586226,0.9072199570104098,0.0,655.9229335731584,111.4831400705814,341.2516215778657,34.761023803917894,5.190794134895196,28.78919474607929,2.0321625054084436,130.21610903039024,7.699183531010738,0.7031465650613851,0.0,0.0,65.057833439745,3.9945422212424786,2.485664842124281,0.6581813342767373
110,7.304873506424256,6.498972164754875,4.485742989984783,7.105545604466885,0.9620145375620266,0.10400988570677942,0.007930563124012894,0.0,0.8462015591178892,0.03368283292499201,648.2864938529832,93.72903783115548,346.7460280105212,32.164757665572196,4.635098855514059,31.412405129121783,1.9299844852502523,145.14332273232404,5.968765705109125,0.7589027342913084,0.0,0.0,61.80137810348176,3.790997756897121,3.0833222414564303,0.648914665148314
111,8.140620737414224,4.750664176442196,3.2109311061213353,7.820974545149309,0.9296896312928882,0.07031036870711183,0.0,0.10871508614357962,0.8912849138564204,0.0,652.5036933666296,102.62038486559084,330.19202358718235,34.618609531404104,4.978906889387866,31.78256982771284,1.968463685392315,355.4210123182171,7.178729041193629,0.6856129729502864,0.0,0.0,62.56513965542568,4.0377253268419615,3.4575325792709797,0.6262673556754035
112,6.620854676208383,7.339473441457577,5.133665590339264,5.25666667483125,0.8514814310795886,0.14098412493200352,0.09846724876801187,0.0,0.7903063072380692,0.08006405723644587,630.2019213720705,109.47888063690968,334.7244188630954,33.44120624627193,4.780631383258391,31.828008958721526,1.9608360168964039,177.58119447651467,7.415824091229265,0.749093030124532,0.0,0.0,62.638379633607904,3.075194997759166,1.9877110796055903,0.6307979460557431
113,7.807869777851906,6.026382622349656,4.082616223234639,5.766626047594628,0.9350664124623531,0.013254009824300444,0.010322670018864093,0.0,0.9866667341624551,0.003821252508809737,625.6202884175929,106.12827893792053,344.51026262800264,32.25973811990347,5.413628371402159,31.95902634397752,2.0484947020906596,173.3426656430169,6.9979688456508615,0.7521253856178947,0.0,0.0,65.70207046526528,3.6854504677813567,2.5562211590829618,0.6709668152954358
114,6.660927207413087,6.228578370433641,3.1055005185941504,4.741542224679337,0.8780671670699319,0.04114987252148445,0.05663214952025191,0.015932757651067265,0.7859137966843728,0.07001394369445077,628.6072007544391,104.7152699271307,343.30498287463337,36.493957906258075,4.756705190965218,31.667735797866825,2.0203261787811226,144.37550650226257,7.86393417136957,0.7626906594900199,0.0,0.0,62.411530784775245,3.7982103776738776,2.714264588020243,0.649596319230509
115,7.644453571689715,4.457595272494427,3.5645401802707823,3.923063447839719,0.9499803466207691,0.009407089918742745,0.039893933189762504,0.0,0.21428943366640496,0.0406125634604881,651.4677068084713,111.19504169319819,344.26419692163853,36.82752584542966,4.776343571796265,31.43034615384808,2.054703544959371,158.97429197612735,4.555550842388163,0.5680766969187341,0.0,0.0,62.45701845715596,4.570603511494715,2.6019806560076946,0.6557836014621321
116,7.968066804460286,5.326005732953114,4.421805319572254,6.769021220846284,1.0,0.0,0.0,0.37316578451327337,0.3235181343533502,0.0,620.0010975034655,113.62821514599774,336.57523611726555,31.3184447880015,4.9848804933201665,30.606632162266752,1.7863015683327124,146.6570976385169,6.39799780230502,0.700672305404988,0.0,0.0,61.17637231721783,4.210898563430235,2.7153227682423786,0.6651671999206505
117,7.898188414832875,5.509507282441175,4.784786327634372,6.216174041370976,1.0,0.0,0.16172031356496105,0.0,0.3475995404796681,0.0,639.2044190082627,114.31829126836585,339.70526124428164,36.65903069327251,4.89011830127581,31.226160442459467,2.0673799770239834,161.33756141914813,6.271860474545179,0.7184555511216617,0.0,0.0,62.596490091197644,4.101801811062268,2.650333400640253,0.6615350568374676
118,6.567038854880928,4.820596426702099,4.262006178596047,7.096510601154767,1.0,0.27703510375738366,0.0,0.4554422711575738,0.17095496652302491,0.0,624.8124763879197,108.71660781082662,340.4455772884243,29.3114891700699,4.926988367831771,29.29715517656322,1.5699007447531277,127.4391016114932,6.4725989401138415,0.6207650417554673,0.0,0.0,62.382435347907794,3.9523220740921583,2.6238369981997516,0.6549767190874488
119,7.723737606065328,4.6265575314398255,3.66160745626023,5.5317376786769445,0.9813021742965161,0.0,0.29289182797947694,0.38823704586434205,0.06728669753462478,0.0,625.3380292038308,107.79775989710934,339.8080367574096,30.16569031946165,4.862307270810411,30.961776476329984,1.7588222156017435,137.3657839506979,6.5381131052417745,0.6548121442395457,0.0,0.0,63.05533371074087,4.137460507127577,2.830959755168361,0.6514979218687014
120,7.641995598225805,6.199806134327084,5.9569460169113775,6.561065481213912,1.0,0.0,0.09247482406366887,0.045032993982321586,0.5259605958989827,0.0,640.8589949565699,111.34935187837827,338.8389450213524,35.30654733991443,4.839690146721204,30.560019287457138,2.03784127695819,141.65394786022793,8.448165421779931,0.7897162279054438,0.0,0.0,65.52192111803089,3.883587844733365,2.8183095378872363,0.6647045841183642
121,7.806696044583551,6.111617594072231,4.340827915526882,6.557714509575763,1.0,0.0,0.0,0.19100002066425112,0.8089999793357489,0.0,624.420033140295,112.3664617046863,336.5929942462439,32.92327695079252,5.065952144487367,29.476469150024307,1.8911812106804156,137.4124046627116,8.05385213201734,0.8479305492866059,0.0,0.0,64.21286968669786,3.8556406154425247,2.8395504142145698,0.6706516211615594
122,6.391668580040548,5.378619233916652,4.828597613468903,5.200316445987612,0.8287204635685379,0.0,0.02593993119645334,0.0,0.29493210675231324,0.0,619.3924423201796,112.05018530696913,339.12750317554605,37.571810514426446,4.987129589453794,31.72842626744133,2.0610363468994364,144.46279851137788,8.902545071554046,0.8719450374892358,0.0,0.0,63.35182598698367,3.058309638200619,2.435272651236498,0.6985706750921352
123,7.59030726770356,6.064289743579009,5.826786379247287,8.381478515303156,0.8476176624721671,0.09145089416271283,0.294584984940017,0.12160797159311394,0.5838070434668691,0.0,616.9879584147528,115.26582102138968,335.1790123069532,33.13245727415291,4.974902060711402,30.68357572186277,1.9858575831709253,188.00941422017894,8.327186473077514,0.8938934009887995,0.0,0.0,62.554598105379306,3.2195138424076064,2.891104643277031,0.6697188300401059
124,4.06675126066547,5.27337772102633,7.100169017612023,8.804894265430015,0.9291568163908589,0.6528275501312469,0.0,0.0,0.25109535520040077,0.0,622.0529040024702,100.7783122000468,341.65444505660855,34.29204529267548,4.461521600329205,29.169871823510775,1.5175539126317905,170.0650481606138,6.635258984944844,0.8062037460025944,0.0,0.0,62.474482382875195,3.1666159443445014,2.9488957896873806,0.6446405391764647
125,3.3781257105403295,5.592449984458492,7.716146598368759,9.54974274385384,0.9045783632322093,0.8855501498364566,0.010115521816397749,0.0,0.005632424837549691,0.0,651.3086791535716,107.75202005371233,344.49472969197325,34.12334372774111,4.65409384185324,28.816956248375135,1.583369515889824,166.0599717171309,7.001777494166394,0.6200384131422627,0.0,0.0,63.364478392777464,3.2226339380916023,2.0241845638108815,0.6464185185774585
126,6.2349769907505275,6.272518142063439,6.79319139275381,8.112927883117212,1.0,0.33868817795708595,0.05797247168539695,0.06390860669407265,0.35190368082860757,0.0,640.1350642593865,109.24871949491884,340.0199940348043,34.931362091226795,4.801360891005108,29.813622713126296,1.8503196400423332,135.24690381285012,8.184099897157797,0.7284864956054313,0.0,0.0,64.54651016123978,3.5753758044224773,2.5211620744060617,0.6619200537706951
127,6.6058945050335796,5.91553831220342,4.3619897838493,8.573778793916459,0.9103069896058684,0.09219935248706639,0.020626194427680548,0.0,0.05023556345186639,0.06906681596645098,628.406131861709,113.87528109720952,343.25805073033865,31.414965650086685,4.459986699968535,31.861866368067098,2.010758778888128,149.32984044055502,6.076327567705214,0.5974603269755014,0.0,0.0,63.342539558216885,3.586478060853655,3.133882594084305,0.6582907434410159
128,6.219658540123794,4.784524889587525,5.6436401784677575,7.221139397320407,0.8748670708665962,0.3659890829873712,0.1591964857687717,0.044115824392140665,0.10177883936501379,0.0,649.942073109042,106.559468417269,343.74774809591884,34.80770301015512,4.595640229193239,30.6324404516839,1.8987653566125133,150.34126007337258,7.176205651137259,0.6367862613912089,0.0,0.0,63.68717403599737,3.7426263000792686,2.699588574333764,0.6487446854290335
129,7.584428937279381,4.945437253481842,2.895843392341409,4.256034154481826,0.5309631619718191,0.0,0.47716671717127446,0.5068903714899996,0.01594291133872594,0.0,632.2527776437815,106.20965206624034,341.59989983214876,33.55992156012712,4.7214405654939045,31.924292933076362,2.0216098499036357,279.10281595140265,7.673249931247503,0.7049593861140433,0.0,0.0,66.37825413090395,3.8350952925361077,2.834049188979185,0.5704098039552011
130,7.387133691109248,4.671675348134959,2.674400602403949,5.0381463199255565,0.7355644117517882,0.0,0.7422062143714271,0.26443558824821173,0.0,0.0,633.4425218731013,107.58527449781204,343.59528318919666,34.46477980769401,4.706051902077877,31.986716394760723,2.0450186480352706,227.57301075127887,7.422753681152575,0.695675275698976,0.0,0.0,65.84878465142285,3.683176385108871,2.864654697919445,0.6082135551252855
131,7.005813606242038,4.682222198014286,4.303603107242952,5.823811007988128,0.4210564969203241,0.3049939227405707,0.7260504196608949,0.2606654310808839,0.0,0.013284149258221278,629.5445098284155,107.65550238226002,340.46837409956834,33.86570257025089,4.845166959947427,31.40721882450842,1.8708001066013475,324.308180667966,7.147984658272276,0.6677041113737768,0.0,0.0,65.26410155894172,3.707411211922143,3.0495867628438775,0.600999136580799
132,6.121599916625509,4.193232789292084,4.098841040593218,5.348510862720587,0.37156295513478715,0.33512982262308827,0.6364286170934468,0.29330722224212463,0.0,0.04045388837881659,620.6726301775464,107.50262639149817,340.38443510445256,32.58715847223352,4.692745736660498,31.329740354753824,1.8383824823264827,374.69824135450165,6.952855591572434,0.6609511152855289,0.0,0.0,61.116205423369394,3.6270648765360143,2.80995386507217,0.5989741655378056
133,7.035547740079028,4.673374362277144,3.9661928304549687,4.886827095305004,0.33552362393317164,0.2435008948422659,0.46966641541378684,0.4372016283833152,0.07847322000246762,0.0146587362004303,624.1214511211531,107.39024953859007,339.8965524710442,33.13137298441503,4.771919428120743,31.418694884714633,1.9094265858253026,355.79029328835264,7.258049912165996,0.680406148672898,0.0,0.0,64.44082959114216,3.6713312511580907,2.95177976632497,0.5773532851120222
134,5.382567801545638,5.761263493917575,4.7494062887434625,4.55821929422418,0.38490630388044017,0.4088838452385661,0.2656519334355352,0.3254642213258987,0.0,0.2896294747936611,609.5320806674663,107.08183844784746,337.239421214792,29.9357771375071,4.7394090167201215,31.420741050412676,1.832777893904754,342.7288710572008,7.1063417966997,0.6616676521713359,0.0,0.0,64.38380193468329,3.646635763079413,2.3834639111359572,0.5990033376367921
135,7.097783742071129,4.379451347074567,4.477046612031243,5.519281903139459,0.027933945138851748,0.488659141124214,0.3813832779525222,0.6186167220474778,0.0,0.0,623.798973319519,106.25461783306342,334.779560014393,31.19405746723004,4.643829498806649,30.813737241330013,1.6344491043439835,478.67212127427246,6.598966461930498,0.6287027597404343,0.0,0.0,62.09739019506804,3.434637065705125,2.7911967167946803,0.5739941963025074
136,9.39216925499977,4.071536109835528,2.472590904546366,3.4208489964612045,0.9389729095015656,0.07869265049879157,0.8811059883920715,0.06102709049843437,0.017528894118490557,0.0,622.7601849106114,99.69891454554964,343.8649836730824,32.28685353327199,4.672639567495962,31.816407071228273,1.9869572686369548,177.01102155364873,7.9660344931343285,0.5584304428468024,0.0,0.0,65.4950797974851,3.300945671483688,3.104501098831562,0.6826024274107205
137,7.719743771931196,4.9692324033879105,4.865473266377461,4.5288625421467605,0.9961254122317563,0.0038745877682436975,0.2647228238758035,0.023884525143023878,0.12540041289805248,0.0,651.7090939227068,102.93854862864777,346.5496497228698,34.98230378063288,4.542376446823379,31.584424735025973,2.029180665316549,131.97230859179606,8.053987073199936,0.6138619349982659,0.0,0.0,67.06041696420421,4.052159250211677,3.0877643439822053,0.6523208510879462
138,7.79632880499768,5.579142615013998,3.7925707086939426,4.283859237213246,0.9661102414334714,0.014456803261386984,0.654345160851697,0.0,0.33119803588691604,0.033889758566528656,644.7904773802713,101.9118208377331,342.3725234265804,32.350170040961274,4.9146896300795975,31.971086393477226,2.03915739755396,148.18819847511577,8.512495086237784,0.8123347522256147,0.0,0.0,64.2389821141033,3.405354194553126,2.3441340901040966,0.6481601496260161
139,8.06771185094644,4.915247178260231,3.9103909297555153,4.8383980468211485,1.0,0.0,0.5131470706245136,0.0,0.22636678054188783,0.0,636.3571646916557,107.99773763245058,343.1734587097144,35.141509834048456,4.70015122416407,31.58696188659557,2.057199913927772,156.84824082196073,7.4853208313196475,0.6662699052581937,0.0,0.0,64.6702378912086,3.7807321656193644,2.887900451015968,0.6669898089738414
140,7.770877979327109,4.737893203356938,3.5038454702541246,4.2207962542462045,0.8836827870593045,0.11631721294069557,0.4688112507985007,0.0,0.3579849142634911,0.0,646.1045551229827,111.4187591100605,341.3297335435756,35.29342921261217,4.9844783587533765,30.341910600707525,2.044023486321295,181.1591105341957,7.1978502180844925,0.7766379950117682,0.0,0.0,64.43034720936714,3.999712952929991,2.6885913813628317,0.6547831148524783
141,6.967557502325602,3.9990379818444635,2.149913249378918,7.889378336071466,0.9720328886969763,0.02796711130302364,0.9745919569624627,0.012877799626805615,0.012530243410731846,0.0,592.6650115881123,104.27618755205731,344.7525880541014,33.86948868814091,4.235202605940023,31.924123427103464,2.0403416502798954,131.38045743892053,6.12994714217458,0.5168334432957753,0.0,0.0,67.5472616468731,3.033130423697879,3.036150786734218,0.6661472549331845
142,7.660596024096732,4.872312068394426,1.856591712650461,7.706390544006322,0.8926994251761486,0.08608909334067488,0.9074681088269507,0.01451425538851039,0.050705837582929215,0.04248386691118446,630.2492885741826,101.25699584144725,339.5133046386129,32.870468468377204,4.48634637133425,31.682401508377282,1.9824079656139257,166.4185537715572,7.9938414701619855,0.5387284164209922,0.0,0.0,63.27174925021005,3.0973754860674796,3.333433751897637,0.6317957644206319
143,8.715129623543179,2.298796344547142,1.325783648106817,6.954179896825823,0.03387578368805385,0.023624311920531382,0.9491233174140624,0.0,0.035438716184867554,0.011246144834254339,651.6855805950414,99.7683873894094,344.5588066038728,32.085668201113414,4.693163094282048,29.17536278852638,2.0384215251991975,132.36709281027342,7.030590406689392,0.6580618898991314,0.0,0.0,62.68037789149255,3.393309334182947,3.2252191660090106,0.6502502560921495
144,8.383744204041948,4.150095232120206,3.4505294853228783,4.2706101419449265,0.9103916728159689,0.08960832718403114,0.8672693589886168,0.0,0.04603638679009876,0.04734130417682687,645.77029545954,107.54239583248547,344.0490103310245,38.393832703547226,4.867903326682531,28.663616637255945,2.0208638053760413,186.49543442774993,6.145123484801097,0.6524180161175464,0.0,0.0,62.864623022317666,3.3077388509806407,2.923879455062334,0.6572240967809363
145,7.700426308753812,3.5744112026691806,3.103127916687557,7.051728219525483,0.3429591103708991,0.15177590943260275,0.9500698652650174,0.0,0.04993013473498259,0.04993013473498259,648.1630380604065,105.1980220424225,340.23101191159503,32.18420256532777,4.610639784181811,34.1448026575076,2.05,132.8521648102632,8.037240039107852,0.7676790990973653,0.0,0.0,64.34130823775119,3.1541242873630986,3.079279876332496,0.652276178907778
146,9.521096701471153,5.684705566143253,1.574087640189562,7.280995490926299,0.9428180109820906,0.039583701636505805,0.8435055422368872,0.0278293269980369,0.09931246874520346,0.0,649.5418489532127,108.03174653834215,339.4772995300254,36.69311866802803,4.508134062657078,31.920832596726985,2.0203122237726205,187.45724821987838,7.529602530602517,0.7394652431116852,0.0,0.0,66.74507875505378,3.2972989653555906,2.6274153134222877,0.6605600316616344
147,6.7591897238999765,4.371479508258315,3.167844208480006,6.025426467849386,0.8861436109585255,0.11629973750448305,0.8488892897915424,0.0,0.1002749846722829,0.0,638.4120850007514,107.12192687095933,343.2987402238562,34.012932164746886,4.6831961399225905,31.841106686640746,1.9813224343622138,181.6837450875104,7.085417791260027,0.6923646843617688,0.0,0.0,62.76277399933768,3.324584545873938,2.6327344425482737,0.6645393881099437
148,6.568052138296433,4.436803895836491,4.172828598096796,6.43433679443909,0.6543701007021296,0.3456298992978704,0.9700754771653125,0.010197079708394105,0.010098992746819543,0.0096284503794738,630.0610799360691,108.35349743249827,341.28569408455803,34.00898449303012,4.846342165777246,31.30874020140426,1.83503772850182,280.66985173128023,6.786157547659103,0.663445642987295,0.0,0.0,63.1276714018344,3.5542439834126776,2.897342140964981,0.6480108424397633
149,6.119773138145608,5.681890499404052,4.413536396308956,5.44835791093251,0.6701713795830972,0.2980572300120715,0.5906309775440582,0.042606709819417686,0.18938398760247235,0.20914971543888292,631.5886630868099,109.41122783345546,338.95531662941465,33.88219042296654,4.85744466756465,31.147111748233065,1.9209155793815822,212.5974829981644,6.760819204531137,0.6822441244106235,0.0,0.0,64.14588394758667,3.4703393239531204,2.4897871750892926,0.6542144088712709
150,4.438551303909154,6.738087239971082,5.7350421841796475,5.258867704237483,0.9147257838513173,0.8264065119111994,0.08831927194011795,0.0,0.08527421614868268,0.08527421614868268,637.0306277137533,114.80813617716258,331.3247890791018,37.39699037537635,4.564796992062575,31.829451567702634,2.0073628919256588,152.71412024832188,5.80454986810326,0.5219275651954577,0.0,0.0,63.759402630511126,3.406807373394736,2.257550921758702,0.6686166266660031
151,6.356451312510238,4.6747745821427165,5.198896058379806,4.947998191360549,0.5390713205826702,0.4037361978208855,0.2745290826406911,0.11641177364633983,0.32238709347777916,0.0,626.5599068520912,106.77533847143259,339.26911628735604,31.627564119883324,4.77002899387808,31.05785416709055,1.7725352399770629,289.8969395718396,7.029733566890909,0.6862532013938338,0.0,0.0,60.879591447444106,3.372163039832443,2.7503136513553508,0.6585784773355252
152,5.65067484409428,3.9675346652357977,6.057646616490962,6.2185995316973965,0.5705196629690911,0.429480337030909,0.4263009081705624,0.1296892817469972,0.0,0.11960743804737307,629.4758464454402,108.00766169692709,338.63609489046615,27.59700081874767,4.637709750064065,30.43189158221882,1.670439830183616,279.09334852619173,7.123165582218504,0.6408206412296245,0.0,0.0,57.758583890338194,3.4851440405630814,2.880926073153823,0.6496271756940861
153,5.4643871196771405,3.9861295765064955,5.987072189714893,7.293750080725474,0.3185735397714352,0.7252941929913573,0.8654302899468856,0.05410584563988789,0.0,0.0,620.4056482796976,108.04870030617172,336.9597163386542,31.589735322270556,4.864847600634061,30.677736089519293,1.6124935635983315,404.84136096920867,6.180310518789028,0.6327195599912265,0.0,0.0,60.09126745209431,3.4439200903413036,2.9695836978993553,0.6412697657126754
154,5.861975577701367,5.03587262744763,5.977746879581643,7.5096915720901345,0.18001945668228292,0.7583225153326892,0.7972055791447944,0.008020779172310722,0.14260303639240046,0.10580785410321156,641.4813047306927,107.87927850108247,333.40258904690654,31.667191809394417,4.604530263655209,30.48335496933462,1.4916825040866941,456.5604538874202,5.802501382028474,0.6234262696046438,0.0,0.0,56.86089376791729,3.2040269338762903,2.0899200264651263,0.632991489035192
155,7.8100187539816455,3.681894624879907,2.3925839077376794,5.374262808525021,0.5263852421420687,0.03504139194492331,0.6132793691508908,0.4109925400414915,0.01117301730679331,0.0,621.7401398253246,105.93892337202462,337.1157933243087,31.475621656605988,4.663730065016407,31.739008218182406,1.7877447600502476,296.69180373609777,6.93830923122626,0.6440765658220263,0.0,0.0,65.06605716250118,3.383098815257271,3.0689635323581355,0.6365817875177657
156,4.50608926364219,3.2681387965180653,2.2077844319656514,3.273867396570821,0.5739389383568447,0.0,0.5739389383568447,0.0,0.3505355275715265,0.42606106164315527,629.3872061279471,104.10515712162,332.6557857115117,32.992581694660004,4.675665549166235,30.597857889713893,1.9623661181071181,164.6114940169548,7.46664646110721,0.7589330847339271,0.0,0.0,62.28511535027077,3.4373305551625473,2.4830568325268976,0.640003273958863
157,2.73847582804207,1.7991453313388126,1.7628002292135183,4.271604489535952,0.3656221044774123,0.15778894318501915,0.8422110568149809,0.30826049562298674,0.0,0.0,607.704052725925,108.47047171786078,337.1149185666592,29.114131193136963,4.549390150645113,30.75232323601395,1.7004629208939956,320.8222529651269,5.990646914920228,0.6741296255228285,0.0,0.0,59.08916117841131,2.7982645131750203,2.9307475465599166,0.654387835042902
158,8.396808687713452,4.271278168943648,3.01332115096449,5.25196702800017,0.4665581119450748,0.2034278734206207,0.16998598536569548,0.5334418880549252,0.0,0.0,655.4388090055525,104.89936153726826,341.70469245072286,31.73714906672076,4.485315003182983,31.182490248900326,1.7434338433376229,346.94462036458765,5.460777753287644,0.609096608660104,0.0,0.0,63.24257443888423,3.563295611029915,2.5946506519163917,0.6362094806281046
159,8.151500443035706,3.7706364551302722,3.211336278832735,6.001810027432793,0.28888326470697734,0.29189058085376596,0.6056694022777911,0.5816452580517207,0.0,0.05321418285279582,632.4445221368508,103.28641651785584,334.5803544272013,30.021622331980204,4.471222947891145,30.83690428764531,1.5723075199213883,393.7377394720024,5.394393983296281,0.6100028990377341,0.0,0.0,61.55570019141942,2.971802684830687,2.656190424299801,0.6564141592708661
160,8.016585730325147,3.7275551977784414,4.417061881782457,6.767303746925724,0.43985169406229274,0.2930387052347571,0.5427163537342387,0.5842074498544856,0.0,0.033135396560544365,613.1548237817076,105.35761416307294,335.70358894939176,28.782131374538256,4.470581406836845,30.4451959068714,1.5869928651887275,373.057581009696,5.650536706680583,0.6511121333547102,0.0,0.0,58.5522890788705,2.408099753886805,2.919101140323221,0.6411097620184635
161,7.501006841919989,3.8727528619119798,3.6623516410956265,7.628815883853739,0.6258570336430945,0.1748233781726627,0.6063651462301177,0.46565100031936585,0.0,0.0,605.0253552617711,108.73329123685178,337.27207107291434,28.28188274119916,4.653501604478287,30.74733672807634,1.6423894202877942,274.41307286136015,5.870160096621274,0.6922419345564002,0.0,0.0,60.23018576367305,3.2807277093990743,2.8864535768829844,0.665973534648271
162,6.984826178184735,3.390886005599456,4.3399648605078,7.3399648605078,0.5406760857146813,0.16070197952980156,0.463169831225702,0.4593239142853187,0.0,0.0,634.9446171774403,103.00966185073132,337.72490419981256,29.408145573450817,4.555982228770942,31.081352171429362,1.7055070642860106,326.9067740109788,5.268526042884462,0.6344103303379071,0.0,0.0,60.25120587946947,2.5520991350137545,1.8469982472232658,0.7333064653658377
163,4.519356464033702,2.932916124669281,6.192118706071869,8.52096895872678,0.820260372043005,0.056947350041415934,0.1770855689151108,0.03412477441792428,0.07967930269280708,0.08099294359224231,615.9477793284384,101.36406986307891,339.2993815128261,32.50991763346739,4.718535986899849,31.886105299917165,2.014877996964115,192.83906159286968,6.32417667017223,0.6164246782729093,0.0,0.0,60.39995733426897,2.1429031624624657,0.8099901431011233,0.7797981283786453
164,7.737910784673658,3.372349225561011,2.4337328677846974,6.818528898564826,0.05044240621729244,0.08456021463995875,0.8351505197455857,0.024474127684686483,0.0660448971512848,0.7928352853695948,654.7596006835266,107.82248508834608,332.2743867505253,39.18764680695488,4.648469191021713,31.70488994133928,1.9851034083456656,190.26300974952366,7.014276352600834,0.5556299557722738,0.0,0.0,61.44095046860177,2.384243914029812,2.5663742408230967,0.6662994037105741
165,4.911127571824368,2.457639722615268,2.277011375589439,4.6012351826229825,0.0,0.0,0.4863894548364826,0.0,0.3155729045017334,1.0,640.421292062941,105.79060132873752,326.6004626282141,36.6325441060623,4.635729785839688,30.875255578965522,1.9797034736853452,187.59496871181094,6.796097970170412,0.6001344768026725,0.0,0.0,59.99731046394655,2.6229454052673438,2.4068455688369115,0.6501940642484424
166,4.781776019062948,4.270463829966682,3.0634481547287282,4.982376619408917,0.0,0.0,0.29955809457724963,0.0,0.7004419054227503,1.0,646.7452641854443,103.8331752968125,325.9235533104949,39.073519446073334,4.740521143026897,31.283985546176698,2.0052490966360437,161.43205277473422,7.871659244678301,0.6251971484728923,0.0,0.0,60.10395651662561,2.820399423847821,1.8593425600334121,0.6699699699470134
167,5.9811259302719115,4.291074820461327,2.9248964369550725,5.65707567184624,0.3067874914999923,0.08034076458888584,0.4298022462562684,0.09851168513403398,0.4485070688745474,0.5557099790573863,632.5205740674141,104.81160256289866,332.94708538003147,35.971446158520216,4.608852775074511,31.100473560354988,1.8891420370520788,225.40652156484572,7.215449301888409,0.6412861495785065,0.0,0.0,59.592576212264,2.760774512493729,2.2769601214685493,0.6584945779163711
